INSERT INTO "public"."duas" ("id", "created_at", "updated_at", "route_name") VALUES
	(6, '2024-06-19 13:12:12.108711+00', NULL, 'aahad'),
	(8, '2024-06-19 13:32:10.337535+00', NULL, 'aal-yaseen');


INSERT INTO "public"."tags" ("id", "created_at", "updated_at", "name") VALUES
	(1, '2024-06-19 15:20:03.920618+00', NULL, 'daily');

INSERT INTO "public"."dua_has_tags" ("created_at", "updated_at", "dua_id", "tag_id") VALUES
	('2024-06-19 15:20:23.164354+00', NULL, 6, 1);

INSERT INTO "public"."sources" ("id", "created_at", "updated_at", "name", "url") VALUES
	(6, '2024-06-19 13:12:12.228549+00', NULL, 'duas.org', 'https://www.duas.org/mobile/dua-ahad.html'),
	(8, '2024-06-19 13:32:10.467312+00', NULL, 'Duaplayer.org', 'https://www.duaplayer.org/api/2/aal-yaseen?langs=ar|en|tl&getSlides=true');


INSERT INTO "public"."dua_translations" ("id", "created_at", "updated_at", "dua_id", "language", "source_id", "title", "description") VALUES
	(5, '2024-06-19 13:12:12.362559+00', NULL, 6, 'ar', 6, 'Ï»Ï╣ÏºÏí┬áÏ╣┘Ä┘ç┘ÆÏ»', NULL),
	(6, '2024-06-19 13:12:12.488739+00', NULL, 6, 'en', 6, 'Supplication of Allegiance', NULL),
	(7, '2024-06-19 13:12:12.584119+00', NULL, 6, 'tl', 6, 'Dua Aahad', NULL),
	(11, '2024-06-19 13:32:10.567648+00', NULL, 8, 'ar', 8, 'Ï▓█îÏºÏ▒Ï® Ïó┘ä █îÏºÏ│█î┘å', NULL),
	(12, '2024-06-19 13:32:10.666034+00', NULL, 8, 'en', 8, 'Visitation of the Family of Yaseen', NULL),
	(13, '2024-06-19 13:32:10.789154+00', NULL, 8, 'tl', 8, 'Ziyarat Ale Yaseen', NULL);


INSERT INTO "public"."dua_translation_lines" ("id", "created_at", "updated_at", "dua_translation_id", "line_number", "text") VALUES
	(1, '2024-06-19 13:12:12.711013+00', NULL, 6, 1, 'In the Name of Allah, the All-beneficent, the All-merciful'),
	(2, '2024-06-19 13:12:12.832309+00', NULL, 5, 1, '┘ÉÏ│┘Æ┘à┘É ┘▒┘ä┘ä┘æ┘Ä┘ç┘É ┘▒┘äÏ▒┘æ┘ÄÏ¡┘Æ┘à┘░┘å┘É ┘▒┘äÏ▒┘æ┘ÄÏ¡┘É┘è┘à┘É'),
	(3, '2024-06-19 13:12:12.950252+00', NULL, 7, 1, 'bismi allahi alrrahmani alrrahimi'),
	(4, '2024-06-19 13:12:13.072959+00', NULL, 6, 2, 'O Allah: (please do) send blessings upon Muhammad and the Household of MuhammadÔÇö'),
	(5, '2024-06-19 13:12:13.202094+00', NULL, 5, 2, 'Ïº┘ä┘ä┘æ┘ç┘Å┘à┘æ┘Ä ÏÁ┘Ä┘ä┘æ┘É Ï╣┘Ä┘ä┘Ä┘ë ┘à┘ÅÏ¡┘Ä┘à┘æ┘ÄÏ»┘ì ┘ê┘ÄÏó┘ä┘É ┘à┘ÅÏ¡┘Ä┘à┘æ┘ÄÏ»┘ì'),
	(6, '2024-06-19 13:12:13.307306+00', NULL, 7, 2, 'allahumma salli `ala muhammadin wa ali muhammadin'),
	(7, '2024-06-19 13:12:13.428692+00', NULL, 6, 3, 'O Allah the Lord of the Great Light,'),
	(8, '2024-06-19 13:12:13.534741+00', NULL, 5, 3, 'Ïº┘Ä┘ä┘ä┘æ┘Ä┘ç┘Å┘à┘æ┘Ä Ï▒┘ÄÏ¿┘æ┘Ä ┘▒┘ä┘å┘æ┘Å┘êÏ▒┘É ┘▒┘ä┘ÆÏ╣┘ÄÏ©┘É┘è┘à┘É'),
	(9, '2024-06-19 13:12:13.645874+00', NULL, 7, 3, 'allahumma rabba alnnuri al`azimi'),
	(10, '2024-06-19 13:12:13.751085+00', NULL, 6, 4, 'the Lord of the Elevated Throne,'),
	(11, '2024-06-19 13:12:13.836943+00', NULL, 5, 4, '┘ê┘ÄÏ▒┘ÄÏ¿┘æ┘Ä ┘▒┘ä┘Æ┘â┘ÅÏ▒┘ÆÏ│┘É┘è┘æ┘É ┘▒┘äÏ▒┘æ┘Ä┘ü┘É┘èÏ╣┘É'),
	(12, '2024-06-19 13:12:13.961642+00', NULL, 7, 4, 'wa rabba alkursiyyi alrrafi`i'),
	(13, '2024-06-19 13:12:14.056199+00', NULL, 6, 5, 'the Lord of the swollen ocean,'),
	(14, '2024-06-19 13:12:14.140544+00', NULL, 5, 5, '┘ê┘ÄÏ▒┘ÄÏ¿┘æ┘Ä ┘▒┘ä┘ÆÏ¿┘ÄÏ¡┘ÆÏ▒┘É ┘▒┘ä┘Æ┘à┘ÄÏ│┘ÆÏ¼┘Å┘êÏ▒┘É'),
	(15, '2024-06-19 13:12:14.254473+00', NULL, 7, 5, 'wa rabba albahri almasjuri'),
	(16, '2024-06-19 13:12:14.348486+00', NULL, 6, 6, 'the Revealer of the Torah, the Gospel, and the Psalms,'),
	(17, '2024-06-19 13:12:14.447766+00', NULL, 5, 6, '┘ê┘Ä┘à┘Å┘å┘ÆÏ▓┘É┘ä┘Ä ┘▒┘äÏ¬┘æ┘Ä┘ê┘ÆÏ▒┘ÄÏºÏ®┘É ┘ê┘Ä┘▒┘äÏÑ┘É┘å┘ÆÏ¼┘É┘è┘ä┘É ┘ê┘Ä┘▒┘äÏ▓┘æ┘ÄÏ¿┘Å┘êÏ▒┘É'),
	(18, '2024-06-19 13:12:14.54675+00', NULL, 7, 6, 'wa munzila alttawrati wal-injili wallzzaburi'),
	(19, '2024-06-19 13:12:14.639107+00', NULL, 6, 7, 'the Lord of shade and heat,'),
	(20, '2024-06-19 13:12:14.759665+00', NULL, 5, 7, '┘ê┘ÄÏ▒┘ÄÏ¿┘æ┘Ä ┘▒┘äÏ©┘æ┘É┘ä┘æ┘É ┘ê┘Ä┘▒┘ä┘ÆÏ¡┘ÄÏ▒┘Å┘êÏ▒┘É'),
	(21, '2024-06-19 13:12:14.864774+00', NULL, 7, 7, 'wa rabba alzzilli walharuri'),
	(22, '2024-06-19 13:12:15.030567+00', NULL, 6, 8, 'the Revealer of the Great Qur''an,'),
	(23, '2024-06-19 13:12:15.161987+00', NULL, 5, 8, '┘ê┘Ä┘à┘Å┘å┘ÆÏ▓┘É┘ä┘Ä ┘▒┘ä┘Æ┘é┘ÅÏ▒┘ÆÏó┘å┘É ┘▒┘ä┘ÆÏ╣┘ÄÏ©┘É┘è┘à┘É'),
	(24, '2024-06-19 13:12:15.259169+00', NULL, 7, 8, 'wa munzila alqur''ani al`azimi'),
	(25, '2024-06-19 13:12:15.35512+00', NULL, 6, 9, 'and the Lord of the Archangels,'),
	(26, '2024-06-19 13:12:15.46855+00', NULL, 5, 9, '┘ê┘ÄÏ▒┘ÄÏ¿┘æ┘Ä ┘▒┘ä┘Æ┘à┘Ä┘äÏº┘ÄÏª┘É┘â┘ÄÏ®┘É ┘▒┘ä┘Æ┘à┘Å┘é┘ÄÏ▒┘æ┘ÄÏ¿┘É┘è┘å┘Ä'),
	(27, '2024-06-19 13:12:15.577174+00', NULL, 7, 9, 'wa rabba almala''ikati almuqarrabina'),
	(28, '2024-06-19 13:12:15.686503+00', NULL, 6, 10, 'the Prophets, and the Messengers:'),
	(29, '2024-06-19 13:12:15.79834+00', NULL, 5, 10, '┘ê┘Ä┘▒┘äÏº┘å┘ÆÏ¿┘É┘è┘ÄÏºÏí┘É ┘ê┘Ä┘▒┘ä┘Æ┘à┘ÅÏ▒┘ÆÏ│┘Ä┘ä┘É┘è┘å┘Ä'),
	(30, '2024-06-19 13:12:15.89769+00', NULL, 7, 10, 'wal-anbiya''i walmursalina'),
	(31, '2024-06-19 13:12:15.988382+00', NULL, 6, 11, 'O Allah, I beseech You in Your Noble Name,'),
	(32, '2024-06-19 13:12:16.084975+00', NULL, 5, 11, 'Ïº┘Ä┘ä┘ä┘æ┘Ä┘ç┘Å┘à┘æ┘Ä ÏÑ┘É┘å┘æ┘É┘è ÏºÏ│┘ÆÏº┘ä┘Å┘â┘Ä Ï¿┘É┘▒Ï│┘Æ┘à┘É┘â┘Ä ┘▒┘ä┘Æ┘â┘ÄÏ▒┘É┘è┘Ç┘à┘É'),
	(33, '2024-06-19 13:12:16.193041+00', NULL, 7, 11, 'allahumma inni as''aluka bismika alkarimi'),
	(34, '2024-06-19 13:12:16.30149+00', NULL, 6, 12, 'in the Light of Your Luminous Face'),
	(35, '2024-06-19 13:12:16.413746+00', NULL, 5, 12, '┘ê┘ÄÏ¿┘É┘å┘Å┘êÏ▒┘É ┘ê┘ÄÏ¼┘Æ┘ç┘É┘â┘Ä ┘▒┘ä┘Æ┘à┘Å┘å┘É┘èÏ▒┘É'),
	(36, '2024-06-19 13:12:16.500562+00', NULL, 7, 12, 'wa binuri wajhika almuniri'),
	(37, '2024-06-19 13:12:16.602422+00', NULL, 6, 13, 'and Your Eternal Kingdom.'),
	(38, '2024-06-19 13:12:16.69029+00', NULL, 5, 13, '┘ê┘Ä┘à┘Å┘ä┘Æ┘â┘É┘â┘Ä ┘▒┘ä┘Æ┘é┘ÄÏ»┘É┘è┘à┘É'),
	(39, '2024-06-19 13:12:16.782404+00', NULL, 7, 13, 'wa mulkika alqadimi'),
	(40, '2024-06-19 13:12:16.878813+00', NULL, 6, 14, 'O Ever-living! O Self-Subsistent!'),
	(41, '2024-06-19 13:12:16.992146+00', NULL, 5, 14, '┘è┘ÄÏº Ï¡┘Ä┘è┘æ┘Å ┘è┘ÄÏº ┘é┘Ä┘è┘æ┘Å┘ê┘à┘Å'),
	(42, '2024-06-19 13:12:17.104564+00', NULL, 7, 14, 'ya hayyu ya qayyumu'),
	(43, '2024-06-19 13:12:17.241918+00', NULL, 6, 15, 'I beseech You in the name of Your Name with which the heavens and the earth have lit up'),
	(44, '2024-06-19 13:12:17.329638+00', NULL, 5, 15, 'ÏºÏ│┘ÆÏº┘ä┘Å┘â┘Ä Ï¿┘É┘▒Ï│┘Æ┘à┘É┘â┘Ä ┘▒┘ä┘æ┘ÄÏ░┘É┘è ÏºÏ┤┘ÆÏ▒┘Ä┘é┘ÄÏ¬┘Æ Ï¿┘É┘ç┘É ┘▒┘äÏ│┘æ┘Ä┘à┘ÄÏº┘ê┘ÄÏºÏ¬┘Å ┘ê┘Ä┘▒┘äÏºÏ▒┘ÄÏÂ┘Å┘ê┘å┘Ä'),
	(45, '2024-06-19 13:12:17.450192+00', NULL, 7, 15, 'as''aluka bismika alladhi ashraqat bihi alssamawatu wal-araduna'),
	(46, '2024-06-19 13:12:17.541488+00', NULL, 6, 16, 'and in Your Name with which the past and the coming generations have become upright!'),
	(47, '2024-06-19 13:12:17.627556+00', NULL, 5, 16, '┘ê┘ÄÏ¿┘É┘▒Ï│┘Æ┘à┘É┘â┘Ä ┘▒┘ä┘æ┘ÄÏ░┘É┘è ┘è┘ÄÏÁ┘Æ┘ä┘ÄÏ¡┘Å Ï¿┘É┘ç┘É ┘▒┘äÏº┘ê┘æ┘Ä┘ä┘Å┘ê┘å┘Ä ┘ê┘Ä┘▒┘äÏóÏ«┘ÉÏ▒┘Å┘ê┘å┘Ä'),
	(48, '2024-06-19 13:12:17.711175+00', NULL, 7, 16, 'wa bismika alladhi yasluhu bihi al-awwaluna wal-akhiruna'),
	(49, '2024-06-19 13:12:17.799394+00', NULL, 6, 17, 'O He Who has been always alive before the existence of all living things!'),
	(50, '2024-06-19 13:12:17.917452+00', NULL, 5, 17, '┘è┘ÄÏº Ï¡┘Ä┘è┘æÏº┘ï ┘é┘ÄÏ¿┘Æ┘ä┘Ä ┘â┘Å┘ä┘æ┘É Ï¡┘Ä┘è┘æ┘ì'),
	(51, '2024-06-19 13:12:18.014903+00', NULL, 7, 17, 'ya hayyan qabla kulli hayyin'),
	(52, '2024-06-19 13:12:18.113957+00', NULL, 6, 18, 'O He Who shall be alive after the extinction of all living things!'),
	(53, '2024-06-19 13:12:18.200866+00', NULL, 5, 18, '┘ê┘Ä┘è┘ÄÏº Ï¡┘Ä┘è┘æÏº┘ï Ï¿┘ÄÏ╣┘ÆÏ»┘Ä ┘â┘Å┘ä┘æ┘É Ï¡┘Ä┘è┘æ┘ì'),
	(54, '2024-06-19 13:12:18.275259+00', NULL, 7, 18, 'wa ya hayyan ba`da kulli hayyin'),
	(55, '2024-06-19 13:12:18.372736+00', NULL, 6, 19, 'O He Who has been always alive even when there was nothing else alive!'),
	(56, '2024-06-19 13:12:18.472989+00', NULL, 5, 19, '┘ê┘Ä┘è┘ÄÏº Ï¡┘Ä┘è┘æÏº┘ï Ï¡┘É┘è┘å┘Ä ┘äÏº Ï¡┘Ä┘è┘æ┘Å'),
	(57, '2024-06-19 13:12:18.558875+00', NULL, 7, 19, 'wa ya hayyan hina la hayyu'),
	(58, '2024-06-19 13:12:18.668101+00', NULL, 6, 20, 'O He Who revives the dead ones and causes the living ones to die!'),
	(59, '2024-06-19 13:12:18.772294+00', NULL, 5, 20, '┘è┘ÄÏº ┘à┘ÅÏ¡┘Æ┘è┘É┘è┘Ä ┘▒┘ä┘Æ┘à┘Ä┘ê┘ÆÏ¬┘Ä┘ë┘░ ┘ê┘Ä┘à┘Å┘à┘É┘èÏ¬┘Ä ┘▒┘äÏºÏ¡┘Æ┘è┘ÄÏºÏí┘É'),
	(60, '2024-06-19 13:12:18.874864+00', NULL, 7, 20, 'ya muhyiya almawta wa mumita al-ahya''i'),
	(61, '2024-06-19 13:12:18.963827+00', NULL, 6, 21, 'O Ever-living! There is no god save You.'),
	(62, '2024-06-19 13:12:19.069806+00', NULL, 5, 21, '┘è┘ÄÏº Ï¡┘Ä┘è┘æ┘Å ┘äÏº ÏÑ┘É┘ä┘░┘ç┘Ä ÏÑ┘É┘äÏº┘æ┘Ä Ïº┘å┘ÆÏ¬┘Ä'),
	(63, '2024-06-19 13:12:19.163309+00', NULL, 7, 21, 'ya hayyu la ilaha illa anta'),
	(64, '2024-06-19 13:12:19.257979+00', NULL, 6, 22, 'O Allah, convey to our master Imam al-Mahdi, the guide who is to undertake Your orders,'),
	(65, '2024-06-19 13:12:19.356766+00', NULL, 5, 22, 'Ïº┘Ä┘ä┘ä┘æ┘Ä┘ç┘Å┘à┘æ┘Ä Ï¿┘Ä┘ä┘æ┘ÉÏ║┘Æ ┘à┘Ä┘ê┘Æ┘äÏº┘Ä┘å┘ÄÏº ┘▒┘äÏÑ┘É┘à┘ÄÏº┘à┘Ä ┘▒┘ä┘Æ┘ç┘ÄÏºÏ»┘É┘è┘Ä ┘▒┘ä┘Æ┘à┘Ä┘ç┘ÆÏ»┘É┘è┘æ┘Ä ┘▒┘ä┘Æ┘é┘ÄÏºÏª┘É┘à┘Ä Ï¿┘ÉÏº┘à┘ÆÏ▒┘É┘â┘Ä'),
	(66, '2024-06-19 13:12:19.46221+00', NULL, 7, 22, 'allahumma balligh mawlana al-imama alhadiya almahdiyya alqa''ima bi''amrika'),
	(67, '2024-06-19 13:12:19.55541+00', NULL, 6, 23, 'may AllahÔÇÖs blessings be upon him and upon his immaculate fathers,'),
	(68, '2024-06-19 13:12:19.645317+00', NULL, 5, 23, 'ÏÁ┘Ä┘ä┘Ä┘ê┘ÄÏºÏ¬┘Å ┘▒┘ä┘ä┘æ┘Ä┘ç┘É Ï╣┘Ä┘ä┘Ä┘è┘Æ┘ç┘É ┘ê┘ÄÏ╣┘Ä┘ä┘Ä┘ë┘░ ÏóÏ¿┘ÄÏºÏª┘É┘ç┘É ┘▒┘äÏÀ┘æ┘ÄÏº┘ç┘ÉÏ▒┘É┘è┘å┘Ä'),
	(69, '2024-06-19 13:12:19.739921+00', NULL, 7, 23, 'salawatu allahi `alayhi wa `ala aba''ihi alttahirina'),
	(70, '2024-06-19 13:12:19.828524+00', NULL, 6, 24, 'on behalf of all of the believing men and women'),
	(71, '2024-06-19 13:12:19.939207+00', NULL, 5, 24, 'Ï╣┘Ä┘å┘Æ Ï¼┘Ä┘à┘É┘èÏ╣┘É ┘▒┘ä┘Æ┘à┘ÅÏñ┘Æ┘à┘É┘å┘É┘è┘å┘Ä ┘ê┘Ä┘▒┘ä┘Æ┘à┘ÅÏñ┘Æ┘à┘É┘å┘ÄÏºÏ¬┘É'),
	(72, '2024-06-19 13:12:20.029823+00', NULL, 7, 24, '`an jami`i almu''minina walmu''minati'),
	(73, '2024-06-19 13:12:20.136077+00', NULL, 6, 25, 'in the east and west of the earth'),
	(74, '2024-06-19 13:12:20.238929+00', NULL, 5, 25, '┘ü┘É┘è ┘à┘ÄÏ┤┘ÄÏºÏ▒┘É┘é┘É ┘▒┘äÏºÏ▒┘ÆÏÂ┘É ┘ê┘Ä┘à┘ÄÏ║┘ÄÏºÏ▒┘ÉÏ¿┘É┘ç┘ÄÏº'),
	(75, '2024-06-19 13:12:20.340135+00', NULL, 7, 25, 'fi mashariqi al-ardi wa magharibiha'),
	(76, '2024-06-19 13:12:20.437621+00', NULL, 6, 26, 'and in plains, mountains,'),
	(77, '2024-06-19 13:12:20.565001+00', NULL, 5, 26, 'Ï│┘Ä┘ç┘Æ┘ä┘É┘ç┘ÄÏº ┘ê┘ÄÏ¼┘ÄÏ¿┘Ä┘ä┘É┘ç┘ÄÏº'),
	(78, '2024-06-19 13:12:20.653845+00', NULL, 7, 26, 'sahliha wa jabaliha'),
	(79, '2024-06-19 13:12:20.761821+00', NULL, 6, 27, 'lands, and seas,'),
	(80, '2024-06-19 13:12:20.842729+00', NULL, 5, 27, '┘ê┘ÄÏ¿┘ÄÏ▒┘æ┘É┘ç┘ÄÏº ┘ê┘ÄÏ¿┘ÄÏ¡┘ÆÏ▒┘É┘ç┘ÄÏº'),
	(81, '2024-06-19 13:12:20.948058+00', NULL, 7, 27, 'wa barriha wa bahriha'),
	(82, '2024-06-19 13:12:21.044039+00', NULL, 6, 28, 'and on behalf of my parents'),
	(83, '2024-06-19 13:12:21.154863+00', NULL, 5, 28, '┘ê┘ÄÏ╣┘Ä┘å┘æ┘É┘è ┘ê┘ÄÏ╣┘Ä┘å┘Æ ┘ê┘ÄÏº┘ä┘ÉÏ»┘Ä┘è┘æ┘Ä'),
	(84, '2024-06-19 13:12:21.252093+00', NULL, 7, 28, 'wa `anni wa `an walidayya'),
	(85, '2024-06-19 13:12:21.340032+00', NULL, 6, 29, '(convey to him) blessings that are as weighty as AllahÔÇÖs Throne,'),
	(86, '2024-06-19 13:12:21.425037+00', NULL, 5, 29, '┘à┘É┘å┘Ä ┘▒┘äÏÁ┘æ┘Ä┘ä┘Ä┘ê┘ÄÏºÏ¬┘É Ï▓┘É┘å┘ÄÏ®┘Ä Ï╣┘ÄÏ▒┘ÆÏ┤┘É ┘▒┘ä┘ä┘æ┘Ä┘ç┘É'),
	(87, '2024-06-19 13:12:21.512455+00', NULL, 7, 29, 'min alssalawati zinata `arshi allahi'),
	(88, '2024-06-19 13:12:21.644613+00', NULL, 6, 30, 'as much as the ink of His Words,'),
	(89, '2024-06-19 13:12:21.744987+00', NULL, 5, 30, '┘ê┘Ä┘à┘ÉÏ»┘ÄÏºÏ»┘Ä ┘â┘Ä┘ä┘É┘à┘ÄÏºÏ¬┘É┘ç┘É'),
	(90, '2024-06-19 13:12:21.853941+00', NULL, 7, 30, 'wa midada kalimatihi'),
	(91, '2024-06-19 13:12:21.971377+00', NULL, 6, 31, 'and as many as that which is counted by His knowledge and encompassed by His Book.'),
	(92, '2024-06-19 13:12:22.079918+00', NULL, 5, 31, '┘ê┘Ä┘à┘ÄÏº ÏºÏ¡┘ÆÏÁ┘ÄÏº┘ç┘Å Ï╣┘É┘ä┘Æ┘à┘Å┘ç┘Å ┘ê┘ÄÏºÏ¡┘ÄÏºÏÀ┘Ä Ï¿┘É┘ç┘É ┘â┘ÉÏ¬┘ÄÏºÏ¿┘Å┘ç┘Å'),
	(93, '2024-06-19 13:12:22.193327+00', NULL, 7, 31, 'wa ma ahsahu `ilmuhu wa ahata bihi kitabuhu'),
	(94, '2024-06-19 13:12:22.289068+00', NULL, 6, 32, 'O Allah, I update to him in the beginning of this day'),
	(95, '2024-06-19 13:12:22.396701+00', NULL, 5, 32, 'Ïº┘Ä┘ä┘ä┘æ┘Ä┘ç┘Å┘à┘æ┘Ä ÏÑ┘É┘å┘æ┘É┘è ÏºÏ¼┘ÄÏ»┘æ┘ÉÏ»┘Å ┘ä┘Ä┘ç┘Å ┘ü┘É┘è ÏÁ┘ÄÏ¿┘É┘èÏ¡┘ÄÏ®┘É ┘è┘Ä┘ê┘Æ┘à┘É┘è ┘ç┘░Ï░┘ÄÏº'),
	(96, '2024-06-19 13:12:22.480429+00', NULL, 7, 32, 'allahumma inni ujaddidu lahu fi sabihati yawmi hadha'),
	(97, '2024-06-19 13:12:22.574312+00', NULL, 6, 33, 'and throughout the days of lifetime a pledge,'),
	(98, '2024-06-19 13:12:22.660652+00', NULL, 5, 33, '┘ê┘Ä┘à┘ÄÏº Ï╣┘ÉÏ┤┘ÆÏ¬┘Å ┘à┘É┘å┘Æ Ïº┘è┘æ┘ÄÏº┘à┘É┘è'),
	(99, '2024-06-19 13:12:22.736955+00', NULL, 7, 33, 'wa ma `ishtu min ayyami'),
	(100, '2024-06-19 13:12:22.83334+00', NULL, 6, 34, 'a covenant, and allegiance to which I commit myself'),
	(101, '2024-06-19 13:12:22.922606+00', NULL, 5, 34, 'Ï╣┘Ä┘ç┘ÆÏ»Ïº┘ï ┘ê┘ÄÏ╣┘Ä┘é┘ÆÏ»Ïº┘ï ┘ê┘ÄÏ¿┘Ä┘è┘ÆÏ╣┘ÄÏ®┘ï ┘ä┘Ä┘ç┘Å ┘ü┘É┘è Ï╣┘Å┘å┘Å┘é┘É┘è'),
	(102, '2024-06-19 13:12:23.029626+00', NULL, 7, 34, '`ahdan wa `aqdan wa bay`atan lahu fi `unuqi'),
	(103, '2024-06-19 13:12:23.117201+00', NULL, 6, 35, 'and from which I neither convert nor change.'),
	(104, '2024-06-19 13:12:23.208322+00', NULL, 5, 35, '┘äÏº ÏºÏ¡┘Å┘ê┘ä┘Å Ï╣┘Ä┘å┘Æ┘ç ┘ê┘Ä┘äÏº ÏºÏ▓┘Å┘ê┘ä┘Å ÏºÏ¿┘ÄÏ»Ïº┘ï'),
	(105, '2024-06-19 13:12:23.307653+00', NULL, 7, 35, 'la ahulu `anhu wa la azulu abadan'),
	(106, '2024-06-19 13:12:23.410772+00', NULL, 6, 36, 'O Allah, (please do) make me of his supporters,'),
	(107, '2024-06-19 13:12:23.51153+00', NULL, 5, 36, 'Ïº┘Ä┘ä┘ä┘æ┘Ä┘ç┘Å┘à┘æ┘Ä ┘▒Ï¼┘ÆÏ╣┘Ä┘ä┘Æ┘å┘É┘è ┘à┘É┘å┘Æ Ïº┘å┘ÆÏÁ┘ÄÏºÏ▒┘É┘ç┘É'),
	(108, '2024-06-19 13:12:23.618211+00', NULL, 7, 36, 'allahumma ij`alni min ansarihi'),
	(109, '2024-06-19 13:12:23.728447+00', NULL, 6, 37, 'sponsors, defenders,'),
	(110, '2024-06-19 13:12:23.825804+00', NULL, 5, 37, '┘ê┘ÄÏºÏ╣┘Æ┘ê┘ÄÏº┘å┘É┘ç┘É ┘ê┘Ä┘▒┘äÏ░┘æ┘ÄÏºÏ¿┘æ┘É┘è┘å┘Ä Ï╣┘Ä┘å┘Æ┘ç┘Å'),
	(111, '2024-06-19 13:12:23.920041+00', NULL, 7, 37, 'wa a`wanihi waldhdhabbina `anhu'),
	(112, '2024-06-19 13:12:24.022448+00', NULL, 6, 38, 'and those who hurry in carrying out his instructions,'),
	(113, '2024-06-19 13:12:24.123807+00', NULL, 5, 38, '┘ê┘Ä┘▒┘ä┘Æ┘à┘ÅÏ│┘ÄÏºÏ▒┘ÉÏ╣┘É┘è┘å┘Ä ÏÑ┘É┘ä┘Ä┘è┘Æ┘ç┘É ┘ü┘É┘è ┘é┘ÄÏÂ┘ÄÏºÏí┘É Ï¡┘Ä┘ê┘ÄÏºÏª┘ÉÏ¼┘É┘ç┘É'),
	(114, '2024-06-19 13:12:24.222915+00', NULL, 7, 38, 'walmusari`ina ilayhi fi qada''i hawa''ijihi'),
	(115, '2024-06-19 13:12:24.351427+00', NULL, 6, 39, 'those who comply with his orders,'),
	(116, '2024-06-19 13:12:24.446576+00', NULL, 5, 39, '┘ê┘Ä┘▒┘ä┘Æ┘à┘Å┘à┘ÆÏ¬┘ÄÏ½┘É┘ä┘É┘è┘å┘Ä ┘äÏº┘É┘ê┘ÄÏº┘à┘ÉÏ▒┘É┘ç┘É'),
	(117, '2024-06-19 13:12:24.54057+00', NULL, 7, 39, 'walmumtathilina li''awamirihi'),
	(118, '2024-06-19 13:12:24.625221+00', NULL, 6, 40, 'those who uphold him,'),
	(119, '2024-06-19 13:12:24.711267+00', NULL, 5, 40, '┘ê┘Ä┘▒┘ä┘Æ┘à┘ÅÏ¡┘ÄÏº┘à┘É┘è┘å┘Ä Ï╣┘Ä┘å┘Æ┘ç┘Å'),
	(120, '2024-06-19 13:12:24.80476+00', NULL, 7, 40, 'walmuhamina `anhu'),
	(121, '2024-06-19 13:12:24.891216+00', NULL, 6, 41, 'those who precede others to implementing his will,'),
	(122, '2024-06-19 13:12:24.990726+00', NULL, 5, 41, '┘ê┘Ä┘▒┘äÏ│┘æ┘ÄÏºÏ¿┘É┘é┘É┘è┘å┘Ä ÏÑ┘É┘ä┘Ä┘ë┘░ ÏÑ┘ÉÏ▒┘ÄÏºÏ»┘ÄÏ¬┘É┘ç┘É'),
	(123, '2024-06-19 13:12:25.069534+00', NULL, 7, 41, 'walssabiqina ila iradatihi'),
	(124, '2024-06-19 13:12:25.177965+00', NULL, 6, 42, 'and those who will be martyred before him.'),
	(125, '2024-06-19 13:12:25.300744+00', NULL, 5, 42, '┘ê┘Ä┘▒┘ä┘Æ┘à┘ÅÏ│┘ÆÏ¬┘ÄÏ┤┘Æ┘ç┘ÄÏ»┘É┘è┘å┘Ä Ï¿┘Ä┘è┘Æ┘å┘Ä ┘è┘ÄÏ»┘Ä┘è┘Æ┘ç┘É'),
	(126, '2024-06-19 13:12:25.390044+00', NULL, 7, 42, 'walmustashhadina bayna yadayhi'),
	(127, '2024-06-19 13:12:25.497222+00', NULL, 6, 43, 'O Allah, if death that You have made inevitably and certainly incumbent upon Your servants stands between me and him,'),
	(128, '2024-06-19 13:12:25.593515+00', NULL, 5, 43, 'Ïº┘Ä┘ä┘ä┘æ┘Ä┘ç┘Å┘à┘æ┘Ä ÏÑ┘É┘å┘Æ Ï¡┘ÄÏº┘ä┘Ä Ï¿┘Ä┘è┘Æ┘å┘É┘è ┘ê┘ÄÏ¿┘Ä┘è┘Æ┘å┘Ä┘ç┘Å ┘▒┘ä┘Æ┘à┘Ä┘ê┘ÆÏ¬┘Å ┘▒┘ä┘æ┘ÄÏ░┘É┘è Ï¼┘ÄÏ╣┘Ä┘ä┘ÆÏ¬┘Ä┘ç┘Å Ï╣┘Ä┘ä┘Ä┘ë┘░ Ï╣┘ÉÏ¿┘ÄÏºÏ»┘É┘â┘Ä Ï¡┘ÄÏ¬┘Æ┘àÏº┘ï ┘à┘Ä┘é┘ÆÏÂ┘É┘è┘æÏº┘ï'),
	(129, '2024-06-19 13:12:25.700151+00', NULL, 7, 43, 'allahumma in hala bayni wa baynahu almawtu alladhi ja`altahu `ala `ibadika hatman maqdiyyan'),
	(130, '2024-06-19 13:12:25.79595+00', NULL, 6, 44, 'then (please do) take me out of my grave using my shroud as dress,'),
	(131, '2024-06-19 13:12:25.898008+00', NULL, 5, 44, '┘ü┘ÄÏºÏ«┘ÆÏ▒┘ÉÏ¼┘Æ┘å┘É┘è ┘à┘É┘å┘Æ ┘é┘ÄÏ¿┘ÆÏ▒┘É┘è ┘à┘ÅÏñ┘ÆÏ¬┘ÄÏ▓┘ÉÏ▒Ïº┘ï ┘â┘Ä┘ü┘Ä┘å┘É┘è'),
	(132, '2024-06-19 13:12:26.001522+00', NULL, 7, 44, 'fa''akhrijni min qabri mu''taziran kafani'),
	(133, '2024-06-19 13:12:26.080072+00', NULL, 6, 45, 'unsheathing my sword,'),
	(134, '2024-06-19 13:12:26.189364+00', NULL, 5, 45, 'Ï┤┘ÄÏº┘ç┘ÉÏ▒Ïº┘ï Ï│┘Ä┘è┘Æ┘ü┘É┘è'),
	(135, '2024-06-19 13:12:26.281017+00', NULL, 7, 45, 'sharihan sayfi'),
	(136, '2024-06-19 13:12:26.378289+00', NULL, 6, 46, 'holding my lance in my hand,'),
	(137, '2024-06-19 13:12:26.472092+00', NULL, 5, 46, '┘à┘ÅÏ¼┘ÄÏ▒┘æ┘ÉÏ»Ïº┘ï ┘é┘Ä┘å┘ÄÏºÏ¬┘É┘è'),
	(138, '2024-06-19 13:12:26.57447+00', NULL, 7, 46, 'mujarridan qanati'),
	(139, '2024-06-19 13:12:26.683775+00', NULL, 6, 47, 'and responding to the call of the Caller who shall announce (his advent) in urban areas and deserts.'),
	(140, '2024-06-19 13:12:26.800912+00', NULL, 5, 47, '┘à┘Å┘ä┘ÄÏ¿┘æ┘É┘èÏº┘ï Ï»┘ÄÏ╣┘Æ┘ê┘ÄÏ®┘Ä ┘▒┘äÏ»┘æ┘ÄÏºÏ╣┘É┘è ┘ü┘É┘è ┘▒┘ä┘ÆÏ¡┘ÄÏºÏÂ┘ÉÏ▒┘É ┘ê┘Ä┘▒┘ä┘ÆÏ¿┘ÄÏºÏ»┘É┘è'),
	(141, '2024-06-19 13:12:26.909829+00', NULL, 7, 47, 'mulabbiyan da`wata aldda`i filhadiri walbadi'),
	(142, '2024-06-19 13:12:27.034291+00', NULL, 6, 48, 'O Allah, (please do) show me his magnificent mien'),
	(143, '2024-06-19 13:12:27.156466+00', NULL, 5, 48, 'Ïº┘Ä┘ä┘ä┘æ┘Ä┘ç┘Å┘à┘æ┘Ä ÏºÏ▒┘É┘å┘É┘è ┘▒┘äÏÀ┘æ┘Ä┘ä┘ÆÏ╣┘ÄÏ®┘Ä ┘▒┘äÏ▒┘æ┘ÄÏ┤┘É┘èÏ»┘ÄÏ®┘Ä'),
	(144, '2024-06-19 13:12:27.286456+00', NULL, 7, 48, 'allahumma arini alttal`ata alrrashidata'),
	(145, '2024-06-19 13:12:27.411923+00', NULL, 6, 49, 'and his praiseworthy forehead,'),
	(146, '2024-06-19 13:12:27.515643+00', NULL, 5, 49, '┘ê┘Ä┘▒┘ä┘ÆÏ║┘ÅÏ▒┘æ┘ÄÏ®┘Ä ┘▒┘ä┘ÆÏ¡┘Ä┘à┘É┘èÏ»┘ÄÏ®┘Ä'),
	(147, '2024-06-19 13:12:27.624533+00', NULL, 7, 49, 'walghurrata alhamidata'),
	(148, '2024-06-19 13:12:27.733847+00', NULL, 6, 50, 'delight my eyes by letting me have a look at him.'),
	(149, '2024-06-19 13:12:27.842019+00', NULL, 5, 50, '┘ê┘Ä┘▒┘â┘ÆÏ¡┘Å┘ä┘Æ ┘å┘ÄÏºÏ©┘ÉÏ▒┘É┘è Ï¿┘É┘å┘ÄÏ©┘ÆÏ▒┘ÄÏ®┘ì ┘à┘É┘å┘æ┘É┘è ÏÑ┘É┘ä┘Ä┘è┘Æ┘ç┘É'),
	(150, '2024-06-19 13:12:27.933338+00', NULL, 7, 50, 'wakhul naziri binazratin minni ilayhi'),
	(151, '2024-06-19 13:12:28.027496+00', NULL, 6, 51, 'And (please) expedite his relief,'),
	(152, '2024-06-19 13:12:28.150466+00', NULL, 5, 51, '┘ê┘ÄÏ╣┘ÄÏ¼┘æ┘É┘ä┘Æ ┘ü┘ÄÏ▒┘ÄÏ¼┘Ä┘ç┘Å'),
	(153, '2024-06-19 13:12:28.254959+00', NULL, 7, 51, 'wa `ajjil farajahu'),
	(154, '2024-06-19 13:12:28.349196+00', NULL, 6, 52, 'make his reappearance easy,'),
	(155, '2024-06-19 13:12:28.433004+00', NULL, 5, 52, '┘ê┘ÄÏ│┘Ä┘ç┘æ┘É┘ä┘Æ ┘à┘ÄÏ«┘ÆÏ▒┘ÄÏ¼┘Ä┘ç┘Å'),
	(156, '2024-06-19 13:12:28.53891+00', NULL, 7, 52, 'wa sahhil makhrajahu'),
	(157, '2024-06-19 13:12:28.643655+00', NULL, 6, 53, 'clear a spacious space for him,'),
	(158, '2024-06-19 13:12:28.73938+00', NULL, 5, 53, '┘ê┘ÄÏº┘ê┘ÆÏ│┘ÉÏ╣┘Æ ┘à┘Ä┘å┘Æ┘ç┘ÄÏ¼┘Ä┘ç┘Å'),
	(159, '2024-06-19 13:12:28.834736+00', NULL, 7, 53, 'wa awsi` manhajahu'),
	(160, '2024-06-19 13:12:28.926036+00', NULL, 6, 54, 'guide me to follow his course,'),
	(161, '2024-06-19 13:12:29.012287+00', NULL, 5, 54, '┘ê┘Ä┘▒Ï│┘Æ┘ä┘Å┘â┘Æ Ï¿┘É┘è ┘à┘ÄÏ¡┘ÄÏ¼┘æ┘ÄÏ¬┘Ä┘ç┘Å'),
	(162, '2024-06-19 13:12:29.112527+00', NULL, 7, 54, 'wasluk bi muhajjatahu'),
	(163, '2024-06-19 13:12:29.199917+00', NULL, 6, 55, 'give success to his issues,'),
	(164, '2024-06-19 13:12:29.29708+00', NULL, 5, 55, '┘ê┘ÄÏº┘å┘Æ┘ü┘ÉÏ░┘Æ Ïº┘à┘ÆÏ▒┘Ä┘ç┘Å'),
	(165, '2024-06-19 13:12:29.382921+00', NULL, 7, 55, 'wa anfidh amrahu'),
	(166, '2024-06-19 13:12:29.467391+00', NULL, 6, 56, 'and confirm his strength.'),
	(167, '2024-06-19 13:12:29.554225+00', NULL, 5, 56, '┘ê┘Ä┘▒Ï┤┘ÆÏ»┘ÅÏ»┘Æ ÏºÏ▓┘ÆÏ▒┘Ä┘ç┘Å'),
	(168, '2024-06-19 13:12:29.646696+00', NULL, 7, 56, 'washdud azrahu'),
	(169, '2024-06-19 13:12:29.740932+00', NULL, 6, 57, 'O Allah, construct Your lands through him'),
	(170, '2024-06-19 13:12:29.845713+00', NULL, 5, 57, '┘ê┘Ä┘▒Ï╣┘Æ┘à┘ÅÏ▒┘É ┘▒┘ä┘ä┘æ┘Ä┘ç┘Å┘à┘æ┘Ä Ï¿┘É┘ç┘É Ï¿┘É┘äÏºÏ»┘Ä┘â┘Ä'),
	(171, '2024-06-19 13:12:29.96003+00', NULL, 7, 57, 'wa`mur allahumma bihi biladaka'),
	(172, '2024-06-19 13:12:30.082096+00', NULL, 6, 58, 'and refresh Your servants through him,'),
	(173, '2024-06-19 13:12:30.165642+00', NULL, 5, 58, '┘ê┘ÄÏºÏ¡┘Æ┘è┘É Ï¿┘É┘ç┘É Ï╣┘ÉÏ¿┘ÄÏºÏ»┘Ä┘â┘Ä'),
	(174, '2024-06-19 13:12:30.287126+00', NULL, 7, 58, 'wa ahyi bihi `ibadaka'),
	(175, '2024-06-19 13:12:30.390046+00', NULL, 6, 59, 'For You have said, and true are Your words:'),
	(176, '2024-06-19 13:12:30.483526+00', NULL, 5, 59, '┘ü┘ÄÏÑ┘É┘å┘æ┘Ä┘â┘Ä ┘é┘Å┘ä┘ÆÏ¬┘Ä ┘ê┘Ä┘é┘Ä┘ê┘Æ┘ä┘Å┘â┘Ä ┘▒┘ä┘ÆÏ¡┘Ä┘é┘æ┘Å:'),
	(177, '2024-06-19 13:12:30.572478+00', NULL, 7, 59, 'fa''innaka qulta wa qawluka alhaqqu'),
	(178, '2024-06-19 13:12:30.656665+00', NULL, 6, 60, 'ÔÇ£Corruption has appeared in the land and the sea'),
	(179, '2024-06-19 13:12:30.743553+00', NULL, 5, 60, '┬½Ï©┘Ä┘ç┘ÄÏ▒┘Ä ┘▒┘ä┘Æ┘ü┘ÄÏ│┘ÄÏºÏ»┘Å ┘ü┘É┘è ┘▒┘ä┘ÆÏ¿┘ÄÏ▒┘æ┘É ┘ê┘Ä┘▒┘ä┘ÆÏ¿┘ÄÏ¡┘ÆÏ▒┘É'),
	(180, '2024-06-19 13:12:30.838557+00', NULL, 7, 60, 'zahara alfasadu filbarri walbahri'),
	(181, '2024-06-19 13:12:30.934992+00', NULL, 6, 61, 'on account of what the hands of men have wrought.ÔÇØ'),
	(182, '2024-06-19 13:12:31.03247+00', NULL, 5, 61, 'Ï¿┘É┘à┘ÄÏº ┘â┘ÄÏ│┘ÄÏ¿┘ÄÏ¬┘Æ Ïº┘è┘ÆÏ»┘É┘è ┘▒┘ä┘å┘æ┘ÄÏºÏ│┘É.┬╗'),
	(183, '2024-06-19 13:12:31.146587+00', NULL, 7, 61, 'bima kasabat aydi alnnasi'),
	(184, '2024-06-19 13:12:31.232986+00', NULL, 6, 62, 'So, O Allah, (please) show us Your vicegerent,'),
	(185, '2024-06-19 13:12:31.312749+00', NULL, 5, 62, '┘ü┘ÄÏºÏ©┘Æ┘ç┘ÉÏ▒┘É ┘▒┘ä┘ä┘æ┘Ä┘ç┘Å┘à┘æ┘Ä ┘ä┘Ä┘å┘ÄÏº ┘ê┘Ä┘ä┘É┘è┘æ┘Ä┘â┘Ä'),
	(186, '2024-06-19 13:12:31.418867+00', NULL, 7, 62, 'fa''azhir allahumma lana waliyyaka'),
	(187, '2024-06-19 13:12:31.500689+00', NULL, 6, 63, 'the son of Your Prophet,'),
	(188, '2024-06-19 13:12:31.614586+00', NULL, 5, 63, '┘ê┘Ä┘▒Ï¿┘Æ┘å┘Ä Ï¿┘É┘å┘ÆÏ¬┘É ┘å┘ÄÏ¿┘É┘è┘æ┘É┘â┘Ä'),
	(189, '2024-06-19 13:12:31.722037+00', NULL, 7, 63, 'wabna binti nabiyyika'),
	(190, '2024-06-19 13:12:31.816781+00', NULL, 6, 64, 'and the namesake of Your Messenger,'),
	(191, '2024-06-19 13:12:31.925733+00', NULL, 5, 64, '┘▒┘ä┘Æ┘à┘ÅÏ│┘Ä┘à┘æ┘Ä┘ë┘░ Ï¿┘É┘▒Ï│┘Æ┘à┘É Ï▒┘ÄÏ│┘Å┘ê┘ä┘É┘â┘Ä'),
	(192, '2024-06-19 13:12:32.048708+00', NULL, 7, 64, 'almusamma bismi rasulika'),
	(193, '2024-06-19 13:12:32.138486+00', NULL, 6, 65, 'peace be upon him and his Household,'),
	(194, '2024-06-19 13:12:32.2366+00', NULL, 5, 65, 'ÏÁ┘Ä┘ä┘æ┘Ä┘ë┘░ ┘▒┘ä┘ä┘æ┘Ä┘ç┘Å Ï╣┘Ä┘ä┘Ä┘è┘Æ┘ç┘É ┘ê┘ÄÏó┘ä┘É┘ç┘É'),
	(195, '2024-06-19 13:12:32.319638+00', NULL, 7, 65, 'salla allahu `alayhi wa alihi'),
	(196, '2024-06-19 13:12:32.398761+00', NULL, 6, 66, 'so that he shall tear up any wrong item that he will face'),
	(197, '2024-06-19 13:12:32.510143+00', NULL, 5, 66, 'Ï¡┘ÄÏ¬┘æ┘Ä┘ë┘░ ┘äÏº ┘è┘ÄÏ©┘Æ┘ü┘ÄÏ▒┘Ä Ï¿┘ÉÏ┤┘Ä┘è┘ÆÏí┘ì ┘à┘É┘å┘Ä ┘▒┘ä┘ÆÏ¿┘ÄÏºÏÀ┘É┘ä┘É ÏÑ┘É┘äÏº┘æ┘Ä ┘à┘ÄÏ▓┘æ┘Ä┘é┘Ä┘ç┘Å'),
	(198, '2024-06-19 13:12:32.607914+00', NULL, 7, 66, 'hatta la yazfara bishay''in min albatili illa mazzaqahu'),
	(199, '2024-06-19 13:12:32.734524+00', NULL, 6, 67, 'and shall confirm and approve of the truth.'),
	(200, '2024-06-19 13:12:32.842269+00', NULL, 5, 67, '┘ê┘Ä┘è┘ÅÏ¡┘É┘é┘æ┘Å ┘▒┘ä┘ÆÏ¡┘Ä┘é┘æ┘Ä ┘ê┘Ä┘è┘ÅÏ¡┘Ä┘é┘æ┘É┘é┘Ä┘ç┘Å'),
	(201, '2024-06-19 13:12:32.938991+00', NULL, 7, 67, 'wa yahiqqa alhaqqa wa yuhaqqiqahu'),
	(202, '2024-06-19 13:12:33.044752+00', NULL, 6, 68, 'O Allah, (please) make him the shelter to whom Your wronged servants shall resort,'),
	(203, '2024-06-19 13:12:33.16826+00', NULL, 5, 68, '┘ê┘Ä┘▒Ï¼┘ÆÏ╣┘Ä┘ä┘Æ┘ç┘Å ┘▒┘ä┘ä┘æ┘Ä┘ç┘Å┘à┘æ┘Ä ┘à┘Ä┘ü┘ÆÏ▓┘ÄÏ╣Ïº┘ï ┘ä┘É┘à┘ÄÏ©┘Æ┘ä┘Å┘ê┘à┘É Ï╣┘ÉÏ¿┘ÄÏºÏ»┘É┘â┘Ä'),
	(204, '2024-06-19 13:12:33.293745+00', NULL, 7, 68, 'waj`alhu allahumma mafza`an limazlumi `ibadika'),
	(205, '2024-06-19 13:12:33.380118+00', NULL, 6, 69, 'the supporter of those who cannot find any supporter save You,'),
	(206, '2024-06-19 13:12:33.494277+00', NULL, 5, 69, '┘ê┘Ä┘å┘ÄÏºÏÁ┘ÉÏ▒Ïº┘ï ┘ä┘É┘à┘Ä┘å┘Æ ┘äÏº ┘è┘ÄÏ¼┘ÉÏ»┘Å ┘ä┘Ä┘ç┘Å ┘å┘ÄÏºÏÁ┘ÉÏ▒Ïº┘ï Ï║┘Ä┘è┘ÆÏ▒┘Ä┘â┘Ä'),
	(207, '2024-06-19 13:12:33.577432+00', NULL, 7, 69, 'wa nasiran liman la yajidu lahu nasiran ghayraka'),
	(208, '2024-06-19 13:12:33.653628+00', NULL, 6, 70, 'the reviver of the laws of Your Book that have been suspended,'),
	(209, '2024-06-19 13:12:33.755763+00', NULL, 5, 70, '┘ê┘Ä┘à┘ÅÏ¼┘ÄÏ»┘æ┘ÉÏ»Ïº┘ï ┘ä┘É┘à┘ÄÏº Ï╣┘ÅÏÀ┘æ┘É┘ä┘Ä ┘à┘É┘å┘Æ ÏºÏ¡┘Æ┘â┘ÄÏº┘à┘É ┘â┘ÉÏ¬┘ÄÏºÏ¿┘É┘â┘Ä'),
	(210, '2024-06-19 13:12:33.837327+00', NULL, 7, 70, 'wa mujaddidan lima `uttila min ahkami kitabika'),
	(211, '2024-06-19 13:12:33.916875+00', NULL, 6, 71, 'and the constructor of all signs of Your religion and instructions of Your Messenger,'),
	(403, '2024-06-19 13:32:10.897562+00', NULL, 12, 1, 'In the Name of God, the All-Merciful, the Most Compassionate.'),
	(212, '2024-06-19 13:12:34.016658+00', NULL, 5, 71, '┘ê┘Ä┘à┘ÅÏ┤┘Ä┘è┘æ┘ÉÏ»Ïº┘ï ┘ä┘É┘à┘ÄÏº ┘ê┘ÄÏ▒┘ÄÏ»┘Ä ┘à┘É┘å┘Æ ÏºÏ╣┘Æ┘äÏº┘à┘É Ï»┘É┘è┘å┘É┘â┘Ä ┘ê┘ÄÏ│┘Å┘å┘Ä┘å┘É ┘å┘ÄÏ¿┘É┘è┘æ┘É┘â┘Ä'),
	(213, '2024-06-19 13:12:34.104206+00', NULL, 7, 71, 'wa mushayyidan lima warada min a`lami dinika wa sunani nabiyyika'),
	(214, '2024-06-19 13:12:34.182429+00', NULL, 6, 72, 'peace be upon him and his Household, that he will see.'),
	(215, '2024-06-19 13:12:34.284481+00', NULL, 5, 72, 'ÏÁ┘Ä┘ä┘æ┘Ä┘ë┘░ ┘▒┘ä┘ä┘æ┘Ä┘ç┘Å Ï╣┘Ä┘ä┘Ä┘è┘Æ┘ç┘É ┘êÏó┘ä┘É┘ç┘É'),
	(216, '2024-06-19 13:12:34.372949+00', NULL, 7, 72, 'salla allahu `alayhi wa alihi'),
	(217, '2024-06-19 13:12:34.472254+00', NULL, 6, 73, 'O Allah, (please) include him with those whom You protect from the domination of the aggressors.'),
	(218, '2024-06-19 13:12:34.567649+00', NULL, 5, 73, '┘ê┘Ä┘▒Ï¼┘ÆÏ╣┘Ä┘ä┘Æ┘ç┘Å ┘▒┘ä┘ä┘æ┘Ä┘ç┘Å┘à┘æ┘Ä ┘à┘É┘à┘æ┘Ä┘å┘Æ Ï¡┘ÄÏÁ┘æ┘Ä┘å┘ÆÏ¬┘Ä┘ç┘Å ┘à┘É┘å┘Æ Ï¿┘ÄÏºÏ│┘É ┘▒┘ä┘Æ┘à┘ÅÏ╣┘ÆÏ¬┘ÄÏ»┘É┘è┘å┘Ä'),
	(219, '2024-06-19 13:12:34.653007+00', NULL, 7, 73, 'waj`alhu allahumma mimman hassantahu min ba''si almu`tadina'),
	(220, '2024-06-19 13:12:34.757711+00', NULL, 6, 74, 'O Allah, (please) delight Your Prophet Muhammad,'),
	(221, '2024-06-19 13:12:34.873232+00', NULL, 5, 74, 'Ïº┘Ä┘ä┘ä┘æ┘Ä┘ç┘Å┘à┘æ┘Ä ┘ê┘ÄÏ│┘ÅÏ▒┘æ┘Ä ┘å┘ÄÏ¿┘É┘è┘æ┘Ä┘â┘Ä ┘à┘ÅÏ¡┘Ä┘à┘æ┘ÄÏ»Ïº┘ï'),
	(222, '2024-06-19 13:12:34.966861+00', NULL, 7, 74, 'allahumma wa surra nabiyyaka muhammadan'),
	(223, '2024-06-19 13:12:35.062773+00', NULL, 6, 75, 'peace be upon him and his Household,'),
	(224, '2024-06-19 13:12:35.202373+00', NULL, 5, 75, 'ÏÁ┘Ä┘ä┘æ┘Ä┘ë┘░ ┘▒┘ä┘ä┘æ┘Ä┘ç┘Å Ï╣┘Ä┘ä┘Ä┘è┘Æ┘ç┘É ┘êÏó┘ä┘É┘ç┘É'),
	(225, '2024-06-19 13:12:35.302275+00', NULL, 7, 75, 'salla allahu `alayhi wa alihi'),
	(226, '2024-06-19 13:12:35.411059+00', NULL, 6, 76, 'as well as all those who followed him in his promulgation by making (us) see him,'),
	(227, '2024-06-19 13:12:35.546538+00', NULL, 5, 76, 'Ï¿┘ÉÏ▒┘ÅÏñ┘Æ┘è┘ÄÏ¬┘É┘ç┘É ┘ê┘Ä┘à┘Ä┘å┘Æ Ï¬┘ÄÏ¿┘ÉÏ╣┘Ä┘ç┘Å Ï╣┘Ä┘ä┘Ä┘ë┘░ Ï»┘ÄÏ╣┘Æ┘ê┘ÄÏ¬┘É┘ç┘É'),
	(228, '2024-06-19 13:12:35.633534+00', NULL, 7, 76, 'biru''yatihi wa man tabi`ahu `ala da`watihi'),
	(229, '2024-06-19 13:12:35.727264+00', NULL, 6, 77, 'and (please) have mercy upon our humiliation after him.'),
	(230, '2024-06-19 13:12:35.834216+00', NULL, 5, 77, '┘ê┘Ä┘▒Ï▒┘ÆÏ¡┘Ä┘à┘É ┘▒Ï│┘ÆÏ¬┘É┘â┘ÄÏº┘å┘ÄÏ¬┘Ä┘å┘ÄÏº Ï¿┘ÄÏ╣┘ÆÏ»┘Ä┘ç┘Å'),
	(231, '2024-06-19 13:12:35.934046+00', NULL, 7, 77, 'warham istikanatana ba`dahu'),
	(232, '2024-06-19 13:12:36.053963+00', NULL, 6, 78, 'O Allah, (please) relieve this community from the (current) grief through presenting him'),
	(233, '2024-06-19 13:12:36.163568+00', NULL, 5, 78, 'Ïº┘Ä┘ä┘ä┘æ┘Ä┘ç┘Å┘à┘æ┘Ä ┘▒┘â┘ÆÏ┤┘É┘ü┘Æ ┘ç┘░Ï░┘É┘ç┘É ┘▒┘ä┘ÆÏ║┘Å┘à┘æ┘ÄÏ®┘Ä Ï╣┘Ä┘å┘Æ ┘ç┘░Ï░┘É┘ç┘É ┘▒┘äÏº┘à┘æ┘ÄÏ®┘É Ï¿┘ÉÏ¡┘ÅÏÂ┘Å┘êÏ▒┘É┘ç┘É'),
	(234, '2024-06-19 13:12:36.253901+00', NULL, 7, 78, 'allahumma ikshif hadhihi alghummata `an hadhihi al-ummati bihudurihi'),
	(235, '2024-06-19 13:12:36.38958+00', NULL, 6, 79, 'and expedite his advent for us:'),
	(236, '2024-06-19 13:12:36.480803+00', NULL, 5, 79, '┘ê┘ÄÏ╣┘ÄÏ¼┘æ┘É┘ä┘Æ ┘ä┘Ä┘å┘ÄÏº Ï©┘Å┘ç┘Å┘êÏ▒┘Ä┘ç┘Å'),
	(237, '2024-06-19 13:12:36.594009+00', NULL, 7, 79, 'wa `ajjil lana zuhurahu'),
	(238, '2024-06-19 13:12:36.696934+00', NULL, 6, 80, 'ÔÇ£Surely, they think it to be far off, and We see it nigh.ÔÇØ'),
	(239, '2024-06-19 13:12:36.809521+00', NULL, 5, 80, '┬½ÏÑ┘É┘å┘æ┘Ä┘ç┘Å┘à┘Æ ┘è┘ÄÏ▒┘Ä┘ê┘Æ┘å┘Ä┘ç┘Å Ï¿┘ÄÏ╣┘É┘èÏ»Ïº┘ï ┘ê┘Ä┘å┘ÄÏ▒┘ÄÏº┘ç┘Å ┘é┘ÄÏ▒┘É┘èÏ¿Ïº┘ï.┬╗'),
	(240, '2024-06-19 13:12:36.89422+00', NULL, 7, 80, 'innahum yarawnahu ba`idan wa narahu qariban'),
	(241, '2024-06-19 13:12:37.004621+00', NULL, 6, 81, '[do all that] In the name of Your mercy; O most merciful of all those who show mercy.'),
	(242, '2024-06-19 13:12:37.084655+00', NULL, 5, 81, 'Ï¿┘ÉÏ▒┘ÄÏ¡┘Æ┘à┘ÄÏ¬┘É┘â┘Ä ┘è┘ÄÏº ÏºÏ▒┘ÆÏ¡┘Ä┘à┘Ä ┘▒┘äÏ▒┘æ┘ÄÏºÏ¡┘É┘à┘É┘è┘å┘Ä'),
	(243, '2024-06-19 13:12:37.207528+00', NULL, 7, 81, 'birahmatika ya arhama alrrahimina'),
	(244, '2024-06-19 13:12:37.310798+00', NULL, 6, 82, 'You may then slap your right thigh with your hand three times and, at each time, say the following words:'),
	(245, '2024-06-19 13:12:37.400864+00', NULL, 5, 82, ''),
	(246, '2024-06-19 13:12:37.504047+00', NULL, 6, 82, ''),
	(247, '2024-06-19 13:12:37.618813+00', NULL, 6, 83, '(We pray for Your) earliest advent, earliest advent, O Patron of the Age.'),
	(248, '2024-06-19 13:12:37.720911+00', NULL, 5, 83, 'Ïº┘ä┘ÆÏ╣┘ÄÏ¼┘Ä┘ä┘Ä ┘▒┘ä┘ÆÏ╣┘ÄÏ¼┘Ä┘ä┘Ä ┘è┘ÄÏº┘à┘Ä┘ê┘Æ┘äÏº┘è┘Ä ┘è┘ÄÏº ÏÁ┘ÄÏºÏ¡┘ÉÏ¿┘Ä ┘▒┘äÏ▓┘æ┘Ä┘à┘ÄÏº┘å┘É'),
	(249, '2024-06-19 13:12:37.832116+00', NULL, 7, 83, 'al`ajala al`ajala ya mawlaya ya sahiba alzzamani'),
	(404, '2024-06-19 13:32:10.999621+00', NULL, 11, 1, 'Ï¿┘ÉÏ│┘Æ┘à┘É Ïº┘ä┘ä┘æ┘Ä┘ç┘É Ïº┘äÏ▒┘æ┘ÄÏ¡┘Æ┘à┘Ä┘å┘É Ïº┘äÏ▒┘æ┘ÄÏ¡┘É┘è┘à┘É'),
	(405, '2024-06-19 13:32:11.12859+00', NULL, 13, 1, 'bism il-laahir-rah''man ir-rah''eem'),
	(406, '2024-06-19 13:32:11.247116+00', NULL, 12, 2, 'O Allah, bless Muhammad and the family of Muhammad.'),
	(407, '2024-06-19 13:32:11.359878+00', NULL, 11, 2, 'Ïº┘Ä┘ä┘ä┘æ┘ç┘Å┘à┘æ┘Ä ÏÁ┘Ä┘ä┘É┘æ Ï╣┘Ä┘ä┘ë ┘à┘ÅÏ¡┘Ä┘à┘æ┘ÄÏ» ┘ê┘ÄÏó┘ä┘É ┘à┘ÅÏ¡┘Ä┘à┘æ┘ÄÏ»'),
	(408, '2024-06-19 13:32:11.478791+00', NULL, 13, 2, 'allahumma salli''ala muhammadin wa aali muhammad'),
	(409, '2024-06-19 13:32:11.606796+00', NULL, 12, 3, 'Peace be upon the Household of Yasin.'),
	(410, '2024-06-19 13:32:11.716831+00', NULL, 11, 3, 'Ï│┘Ä┘äÏº┘Ä┘à┘î Ï╣┘Ä┘ä┘Ä┘ë┘░ Ïó┘ä┘É ┘è┘Ç┘░Ï│'),
	(411, '2024-06-19 13:32:11.825108+00', NULL, 13, 3, 'salamun `ala ale yasin'),
	(412, '2024-06-19 13:32:11.933486+00', NULL, 12, 4, 'Peace be upon you, O caller to Allah and interpreter of His Verses.'),
	(413, '2024-06-19 13:32:12.06865+00', NULL, 11, 4, 'Ïº┘Ä┘äÏ│┘æ┘Ä┘äÏº┘Ä┘à┘Å Ï╣┘Ä┘ä┘Ä┘è┘Æ┘â┘Ä ┘è┘ÄÏº Ï»┘ÄÏºÏ╣┘É┘è┘Ä ┘▒┘ä┘ä┘æ┘Ä┘ç┘É ┘ê┘ÄÏ▒┘ÄÏ¿┘æ┘ÄÏº┘å┘É┘è┘æ┘Ä Ïó┘è┘ÄÏºÏ¬┘É┘ç┘É'),
	(414, '2024-06-19 13:32:12.16696+00', NULL, 13, 4, 'alssalamu `alayka ya da`iya allahi wa rabbaniyya ayatihi'),
	(415, '2024-06-19 13:32:12.260027+00', NULL, 12, 5, 'Peace be upon you, O door to Allah and applier of His religion.'),
	(416, '2024-06-19 13:32:12.371436+00', NULL, 11, 5, 'Ïº┘Ä┘äÏ│┘æ┘Ä┘äÏº┘Ä┘à┘Å Ï╣┘Ä┘ä┘Ä┘è┘Æ┘â┘Ä ┘è┘ÄÏº Ï¿┘ÄÏºÏ¿┘Ä ┘▒┘ä┘ä┘æ┘Ä┘ç┘É ┘ê┘ÄÏ»┘Ä┘è┘æ┘ÄÏº┘å┘Ä Ï»┘É┘è┘å┘É┘ç┘É'),
	(417, '2024-06-19 13:32:12.459131+00', NULL, 13, 5, 'alssalamu `alayka ya baba allahi wa dayyana dinihi'),
	(418, '2024-06-19 13:32:12.551709+00', NULL, 12, 6, 'Peace be upon you, O viceroy of Allah and backer of His right.'),
	(419, '2024-06-19 13:32:12.673537+00', NULL, 11, 6, 'Ïº┘Ä┘äÏ│┘æ┘Ä┘äÏº┘Ä┘à┘Å Ï╣┘Ä┘ä┘Ä┘è┘Æ┘â┘Ä ┘è┘ÄÏº Ï«┘Ä┘ä┘É┘è┘ü┘ÄÏ®┘Ä ┘▒┘ä┘ä┘æ┘Ä┘ç┘É ┘ê┘Ä┘å┘ÄÏºÏÁ┘ÉÏ▒┘Ä Ï¡┘Ä┘é┘æ┘É┘ç┘É'),
	(420, '2024-06-19 13:32:12.808609+00', NULL, 13, 6, 'alssalamu `alayka ya khalifata allahi wa nasira haqqihi'),
	(421, '2024-06-19 13:32:12.934075+00', NULL, 12, 7, 'Peace be upon you, O Argument of Allah and sign of His volition.'),
	(422, '2024-06-19 13:32:13.044378+00', NULL, 11, 7, 'Ïº┘Ä┘äÏ│┘æ┘Ä┘äÏº┘Ä┘à┘Å Ï╣┘Ä┘ä┘Ä┘è┘Æ┘â┘Ä ┘è┘ÄÏº Ï¡┘ÅÏ¼┘æ┘ÄÏ®┘Ä ┘▒┘ä┘ä┘æ┘Ä┘ç┘É ┘ê┘ÄÏ»┘Ä┘ä┘É┘è┘ä┘Ä ÏÑ┘ÉÏ▒┘ÄÏºÏ»┘ÄÏ¬┘É┘ç┘É'),
	(423, '2024-06-19 13:32:13.155829+00', NULL, 13, 7, 'alssalamu `alayka ya hujjata allahi wa dalila iradatihi'),
	(424, '2024-06-19 13:32:13.29213+00', NULL, 12, 8, 'Peace be upon you, O reciter of the Book of Allah and its interpreter.'),
	(425, '2024-06-19 13:32:13.399699+00', NULL, 11, 8, 'Ïº┘Ä┘äÏ│┘æ┘Ä┘äÏº┘Ä┘à┘Å Ï╣┘Ä┘ä┘Ä┘è┘Æ┘â┘Ä ┘è┘ÄÏº Ï¬┘ÄÏº┘ä┘É┘è┘Ä ┘â┘ÉÏ¬┘ÄÏºÏ¿┘É ┘▒┘ä┘ä┘æ┘Ä┘ç┘É ┘ê┘ÄÏ¬┘ÄÏ▒┘ÆÏ¼┘Å┘à┘ÄÏº┘å┘Ä┘ç┘Å'),
	(426, '2024-06-19 13:32:13.509878+00', NULL, 13, 8, 'alssalamu `alayka ya taliya kitabi allahi wa tarjumanihi'),
	(427, '2024-06-19 13:32:13.613926+00', NULL, 12, 9, 'Peace be upon you at the hours of Your night and the two ends of Your day.'),
	(568, '2024-06-19 13:32:28.410567+00', NULL, 12, 56, 'the Resurrection is true,'),
	(428, '2024-06-19 13:32:14.174099+00', NULL, 11, 9, 'Ïº┘Ä┘äÏ│┘æ┘Ä┘äÏº┘Ä┘à┘Å Ï╣┘Ä┘ä┘Ä┘è┘Æ┘â┘Ä ┘ü┘É┘è Ïó┘å┘ÄÏºÏí┘É ┘ä┘Ä┘è┘Æ┘ä┘É┘â┘Ä ┘ê┘ÄÏú┘ÄÏÀ┘ÆÏ▒┘ÄÏº┘ü┘É ┘å┘Ä┘ç┘ÄÏºÏ▒┘É┘â┘Ä'),
	(429, '2024-06-19 13:32:14.274074+00', NULL, 13, 9, 'alssalamu `alayka fi ana''i laylika wa atrafi naharika'),
	(430, '2024-06-19 13:32:14.360499+00', NULL, 12, 10, 'Peace be upon you, O herald of Allah on His lands.'),
	(431, '2024-06-19 13:32:14.466914+00', NULL, 11, 10, 'Ïº┘Ä┘äÏ│┘æ┘Ä┘äÏº┘Ä┘à┘Å Ï╣┘Ä┘ä┘Ä┘è┘Æ┘â┘Ä ┘è┘ÄÏº Ï¿┘Ä┘é┘É┘è┘æ┘ÄÏ®┘Ä ┘▒┘ä┘ä┘æ┘Ä┘ç┘É ┘ü┘É┘è Ïú┘ÄÏ▒┘ÆÏÂ┘É┘ç┘É'),
	(432, '2024-06-19 13:32:14.561454+00', NULL, 13, 10, 'alssalamu `alayka ya baqiyyata allahi fi ardihi'),
	(433, '2024-06-19 13:32:14.686116+00', NULL, 12, 11, 'Peace be upon you, O covenant of Allah that He has made and confirmed.'),
	(434, '2024-06-19 13:32:14.799254+00', NULL, 11, 11, 'Ïº┘Ä┘äÏ│┘æ┘Ä┘äÏº┘Ä┘à┘Å Ï╣┘Ä┘ä┘Ä┘è┘Æ┘â┘Ä ┘è┘ÄÏº ┘à┘É┘èÏ½┘ÄÏº┘é┘Ä ┘▒┘ä┘ä┘æ┘Ä┘ç┘É ┘▒┘ä┘æ┘ÄÏ░┘É┘è Ïú┘ÄÏ«┘ÄÏ░┘Ä┘ç┘Å ┘ê┘Ä┘ê┘Ä┘â┘æ┘ÄÏ»┘Ä┘ç┘Å'),
	(435, '2024-06-19 13:32:14.889027+00', NULL, 13, 11, 'alssalamu `alayka ya mithaqa allahi alladhi akhadhahu wa wakkadahu'),
	(436, '2024-06-19 13:32:15.000998+00', NULL, 12, 12, 'Peace be upon you, O Promise of Allah that He has assured.'),
	(437, '2024-06-19 13:32:15.119052+00', NULL, 11, 12, 'Ïº┘Ä┘äÏ│┘æ┘Ä┘äÏº┘Ä┘à┘Å Ï╣┘Ä┘ä┘Ä┘è┘Æ┘â┘Ä ┘è┘ÄÏº ┘ê┘ÄÏ╣┘ÆÏ»┘Ä ┘▒┘ä┘ä┘æ┘Ä┘ç┘É ┘▒┘ä┘æ┘ÄÏ░┘É┘è ÏÂ┘Ä┘à┘É┘å┘Ä┘ç┘Å'),
	(438, '2024-06-19 13:32:15.209421+00', NULL, 13, 12, 'alssalamu `alayka ya wa`da allahi alladhi daminahu'),
	(439, '2024-06-19 13:32:15.313783+00', NULL, 12, 13, 'Peace be upon you, O appointed pennon,'),
	(440, '2024-06-19 13:32:15.424921+00', NULL, 11, 13, 'Ïº┘Ä┘äÏ│┘æ┘Ä┘äÏº┘Ä┘à┘Å Ï╣┘Ä┘ä┘Ä┘è┘Æ┘â┘Ä Ïú┘Ä┘è┘æ┘Å┘ç┘ÄÏº ┘▒┘ä┘ÆÏ╣┘Ä┘ä┘Ä┘à┘Å ┘▒┘ä┘Æ┘à┘Ä┘å┘ÆÏÁ┘Å┘êÏ¿┘Å'),
	(441, '2024-06-19 13:32:15.530111+00', NULL, 13, 13, 'alssalamu `alayka ayyuha al`alamu almansubu'),
	(442, '2024-06-19 13:32:15.640129+00', NULL, 12, 14, 'poured knowledge,'),
	(443, '2024-06-19 13:32:15.763073+00', NULL, 11, 14, '┘ê┘Ä┘▒┘ä┘ÆÏ╣┘É┘ä┘Æ┘à┘Å ┘▒┘ä┘Æ┘à┘ÄÏÁ┘ÆÏ¿┘Å┘êÏ¿┘Å'),
	(444, '2024-06-19 13:32:15.894547+00', NULL, 13, 14, 'wal`ilmu almasbubu'),
	(445, '2024-06-19 13:32:15.984117+00', NULL, 12, 15, 'aid, and expansive mercy.'),
	(446, '2024-06-19 13:32:16.082379+00', NULL, 11, 15, '┘ê┘Ä┘▒┘ä┘ÆÏ║┘Ä┘ê┘ÆÏ½┘Å ┘ê┘Ä┘▒┘äÏ▒┘æ┘ÄÏ¡┘Æ┘à┘ÄÏ®┘Å ┘▒┘ä┘Æ┘ê┘ÄÏºÏ│┘ÉÏ╣┘ÄÏ®┘Å'),
	(447, '2024-06-19 13:32:16.214648+00', NULL, 13, 15, 'walghawthu walrrahmatu alwasi`atu'),
	(448, '2024-06-19 13:32:16.309027+00', NULL, 12, 16, 'This is verily a promise that shall never be belied.'),
	(449, '2024-06-19 13:32:16.39889+00', NULL, 11, 16, '┘ê┘ÄÏ╣┘ÆÏ»Ïº┘ï Ï║┘Ä┘è┘ÆÏ▒┘Ä ┘à┘Ä┘â┘ÆÏ░┘Å┘êÏ¿┘ì'),
	(450, '2024-06-19 13:32:16.491651+00', NULL, 13, 16, 'wa`dan ghayra makdhubin'),
	(451, '2024-06-19 13:32:16.599763+00', NULL, 12, 17, 'Peace be upon you whenever you rise (to undertake the mission).'),
	(452, '2024-06-19 13:32:16.738419+00', NULL, 11, 17, 'Ïº┘Ä┘äÏ│┘æ┘Ä┘äÏº┘Ä┘à┘Å Ï╣┘Ä┘ä┘Ä┘è┘Æ┘â┘Ä Ï¡┘É┘è┘å┘Ä Ï¬┘Ä┘é┘ê┘Å┘à┘Å'),
	(453, '2024-06-19 13:32:16.831631+00', NULL, 13, 17, 'alssalamu `alayka hina taqumu'),
	(454, '2024-06-19 13:32:16.921384+00', NULL, 12, 18, 'Peace be upon you whenever you sit.');
